acq_date,modis,viirs,viirs_scaled,ratio
2012-02,2616,6151.0,2939.097384477318,2.3512996941896023
2012-03,3356,7383.0,3527.7769451464865,2.1999404052443383
2012-04,1054,3101.0,1481.7332123661458,2.9421252371916506
2012-05,1663,4489.0,2144.95336675641,2.699338544798557
2012-06,3025,7036.0,3361.9719065489203,2.3259504132231403
2012-07,8137,16778.0,8016.936419567621,2.0619392896644957
2012-08,9851,19390.0,9265.013540077254,1.968328088518932
2012-09,9423,19237.0,9191.906419312334,2.0414942162793164
2012-10,5380,10356.0,4948.348644715836,1.924907063197026
2012-11,2232,4813.0,2299.768446023302,2.156362007168459
2012-12,2306,3601.0,1720.6453717286329,1.5615784908933217
2013-01,2472,5048.0,2412.057160923671,2.042071197411003
2013-02,2354,5735.0,2740.3224678877286,2.4362786745964318
2013-03,1590,3837.0,1833.411910947727,2.413207547169811
2013-04,1750,4620.0,2207.548352509382,2.64
2013-05,1372,3627.0,1733.0688040154823,2.6435860058309038
2013-06,1800,4545.0,2171.711528605009,2.525
2013-07,4813,11033.0,5271.835708492643,2.2923332640764595
2013-08,14156,27319.0,13053.682563247577,1.9298530658378072
2013-09,15863,29988.0,14328.995669924534,1.8904368656622328
2013-10,6931,15521.0,7416.311250930328,2.239359399798009
2013-11,3017,5739.0,2742.2337651626285,1.9022207490884986
2013-12,1864,3711.0,1773.20604678838,1.9908798283261802
2014-01,3504,7064.0,3375.3509874732194,2.0159817351598175
2014-02,2245,4932.0,2356.629539951574,2.1968819599109133
2014-03,1030,3105.0,1483.6445096410457,3.0145631067961167
2014-04,588,1908.0,911.6888001272513,3.2448979591836733
2014-05,282,1055.0,504.104656254848,3.7411347517730498
2014-06,530,1807.0,863.4285439360289,3.409433962264151
2014-07,1335,3825.0,1827.6780191230273,2.865168539325843
2014-08,8037,16322.0,7799.048530229033,2.030857285056613
2014-09,4569,8427.0,4026.6255338953597,1.8443860801050558
2014-10,6122,11943.0,5706.65583853237,1.9508330610911466
2014-11,1871,4409.0,2106.7274212584125,2.356493853554249
2014-12,1956,3564.0,1702.965871935809,1.822085889570552
2015-01,2722,4055.0,1937.5776124297713,1.4897134459955914
2015-02,1536,3407.0,1627.947453895988,2.2180989583333335
2015-03,1934,5091.0,2432.603606628845,2.6323681489141677
2015-04,1739,5195.0,2482.297335776242,2.9873490511788385
2015-05,1101,2982.0,1424.8721184378737,2.7084468664850134
2015-06,2161,5647.0,2698.273927839931,2.6131420638593243
2015-07,5147,12871.0,6150.076806309146,2.500680007771517
2015-08,6758,13986.0,6682.850921687493,2.06954720331459
2015-09,9675,19649.0,9388.770038627023,2.030904392764858
2015-10,4210,8520.0,4071.063195536782,2.02375296912114
2015-11,1278,2712.0,1295.8595523821307,2.1220657276995305
2015-12,1629,2565.0,1225.6193775295594,1.574585635359116
2016-01,2219,3524.0,1683.85289918681,1.5881027489860298
2016-02,1045,2175.0,1039.2678932268193,2.0813397129186604
2016-03,1309,3711.0,1773.20604678838,2.834988540870894
2016-04,458,1381.0,659.8753841591897,3.01528384279476
2016-05,430,1227.0,586.2904390755436,2.853488372093023
2016-06,1666,4640.0,2217.1048388838813,2.7851140456182475
2016-07,3696,8812.0,4210.587896604475,2.384199134199134
2016-08,14595,26603.0,12711.560351040494,1.822747516272696
2016-09,12297,23442.0,11201.15767955085,1.9063186142961699
2016-10,2285,4908.0,2345.1617563021746,2.147921225382932
2016-11,2379,4907.0,2344.6839319834494,2.062631357713325
2016-12,6228,10815.0,5167.670007010599,1.7365125240847785
2017-01,7139,11983.0,5725.7688112813685,1.6785264042582995
2017-02,1900,3489.0,1667.1290480314358,1.8363157894736841
2017-03,1064,2891.0,1381.390105433901,2.7171052631578947
2017-04,515,1960.0,936.53566470095,3.8058252427184467
2017-05,385,1181.0,564.3105204141948,3.0675324675324673
2017-06,1590,3918.0,1872.11568076445,2.4641509433962265
2017-07,7331,15597.0,7452.625899153426,2.1275405810939843
2017-08,11553,21309.0,10181.958407710481,1.8444559854583225
2017-09,7345,13033.0,6227.484345942592,1.7744043567052417
2017-10,5110,9900.0,4730.460755377247,1.9373776908023483
2017-11,5154,10086.0,4819.336078660092,1.9569266589057044
2017-12,3674,7419.0,3544.9786206205854,2.0193249863908544
2018-01,5816,9910.0,4735.238998564497,1.703920220082531
2018-02,3105,7129.0,3406.4095681903427,2.2959742351046697
2018-03,2661,6727.0,3214.324192062903,2.527996993611424
2018-04,2294,5298.0,2531.5132406049147,2.3095030514385355
2018-05,1069,2657.0,1269.579214852257,2.4855004677268475
2018-06,1717,4422.0,2112.939137401837,2.575422248107164
2018-07,2626,6572.0,3140.261422660532,2.5026656511805028
2018-08,14960,29942.0,14307.015751263185,2.001470588235294
2018-09,8942,17804.0,8507.184170579445,1.9910534556027735
2018-10,2338,5366.0,2564.0052942782127,2.295124037639008
2018-11,1382,2536.0,1211.7624722865353,1.8350217076700435
2018-12,1713,3062.0,1463.0980639358718,1.7875072971395214
2019-01,1779,2334.0,1115.2419599040904,1.3119730185497471
2019-02,2240,4258.0,2034.5759491309411,1.9008928571428572
2019-03,1404,3573.0,1707.2662908043337,2.5448717948717947
2019-04,856,2512.0,1200.2946886371358,2.9345794392523366
2019-05,274,1114.0,532.2962910596216,4.065693430656935
2019-06,1026,2717.0,1298.2486739757555,2.6481481481481484
2019-07,3178,7710.0,3684.025497369553,2.4260541220893646
2019-08,11408,23167.0,11069.755991901482,2.0307678821879382
2019-09,11635,22576.0,10787.361819535023,1.9403523850451225
2019-10,5822,10338.0,4939.747806978786,1.7756784610099623
2019-11,2342,4595.0,2195.6027445412574,1.96199829205807
2019-12,2384,5173.0,2471.7852007642928,2.1698825503355703
2020-01,2305,4347.0,2077.102313497464,1.8859002169197396
2020-02,3263,7065.0,3375.828811791944,2.1651854121973644
2020-03,6084,15522.0,7416.789075249053,2.551282051282051
2020-04,5668,13133.0,6275.266777815089,2.317043048694425
2020-05,4779,12230.0,5843.791418006437,2.559112785101486
2020-06,4413,10753.0,5138.04489924965,2.436664400634489
2020-07,10081,23542.0,11248.940111423348,2.3352841979962307
2020-08,27883,57446.0,27449.09581347488,2.0602517663092206
2020-09,20014,36908.0,17635.539955501357,1.8441091236134706
2020-10,12789,26508.0,12666.167040761622,2.0727187426694815
2020-11,6303,13085.0,6252.33121051629,2.07599555767095
2020-12,2583,5313.0,2538.680605385789,2.0569105691056913
2021-01,1789,3922.0,1874.0269780393498,2.1922861934041364
2021-02,1494,3315.0,1583.9876165732903,2.218875502008032
2021-03,1732,4613.0,2204.2035822783073,2.6633949191685913
2021-04,1069,3139.0,1499.8905364776947,2.9363891487371374
2021-05,1488,4012.0,1917.0311667245974,2.696236559139785
2021-06,1074,3339.0,1595.4554002226896,3.1089385474860336
2021-07,7040,15840.0,7568.737208603595,2.25
2021-08,13819,26233.0,12534.765353112254,1.8983283884506839
2021-09,7074,14818.0,7080.400754866671,2.0947130336443314
2021-10,6906,13494.0,6447.761356874805,1.9539530842745438
2021-11,1724,4179.0,1996.8278279516683,2.4240139211136893
2021-12,4519,10733.0,5128.488412875151,2.375082982960832
2022-01,11778,25031.0,11960.420522004835,2.1252334861606386
2022-02,8289,17792.0,8501.450278754744,2.1464591627458076
2022-03,1497,3855.0,1842.0127486847764,2.5751503006012024
2022-04,738,2872.0,1372.3114433781266,3.8915989159891597
2022-05,1185,3410.0,1629.380926852163,2.8776371308016877
2022-06,1740,4444.0,2123.4512724137862,2.5540229885057473
2022-07,3660,5910.0,2823.941723664599,1.6147540983606556
2022-08,9589,18395.0,8789.578342945904,1.9183439357597247
2022-09,11219,23399.0,11180.611233845677,2.0856582583117924
2022-10,5602,13540.0,6469.741275536154,2.4169939307390216
2022-11,6502,17253.0,8243.902970961984,2.653491233466626
2022-12,3563,8750.0,4180.962788843526,2.4557956777996073
2023-01,3283,8620.0,4118.84562740928,2.625647273834907
2023-02,3523,8371.0,3999.867372046761,2.376099914845302
2023-03,2113,5632.0,2691.106563059056,2.6654046379555134
2023-04,1380,3558.0,1700.098926023459,2.5782608695652174
2023-05,1488,3721.0,1777.98428997563,2.5006720430107525
2023-06,1376,3525.0,1684.330723505535,2.5617732558139537
2023-07,2485,5553.0,2653.358441879783,2.2346076458752515
2023-08,9685,17305.0,8268.749835535682,1.7867836861125452
2023-09,6151,11350.0,5423.30601752846,1.8452284181433913
2023-10,5382,10456.0,4996.131076588333,1.942772203641769
2023-11,3231,5620.0,2685.3726712343564,1.7393995666976168
2023-12,1257,2422.0,1157.290499951888,1.9268098647573588
2024-01,1605,3317.0,1584.9432652107403,2.066666666666667
2024-02,1519,3937.0,1881.1943428202244,2.5918367346938775
2024-03,2522,5826.0,2783.804480891701,2.310071371927042
2024-04,516,1668.0,797.0109636332573,3.2325581395348837
2024-05,681,1765.0,843.3599225495799,2.591776798825257
2024-06,2178,4449.0,2125.8403940074113,2.0426997245179064
2024-07,4645,6559.0,3134.0497065171076,1.4120559741657697
2024-08,9945,18427.0,8804.868721145103,1.8528908999497236
2024-09,12343,20698.0,9890.007748969521,1.6769018877096329
2024-10,4926,9648.0,4610.049027058553,1.9585870889159562
2024-11,1883,3946.0,1885.4947616887491,2.0955921402018056
2024-12,1503,3739.0,1786.5851277126794,2.4876912840984695
2025-01,3446,9264.0,4426.564488668163,2.6883343006384215
2025-02,4074,10221.0,4883.842361687964,2.508836524300442
2025-03,2761,7156.0,3419.310824795917,2.59181455994205
2025-04,1959,4704.0,2247.68559528228,2.4012251148545176
2025-05,1098,3106.0,1484.1223339597707,2.8287795992714027
2025-06,1200,3390.0,1619.8244404776633,2.825
2025-07,3216,6930.0,3311.322528764073,2.154850746268657
2025-08,8551,17117.0,8178.918863615388,2.0017541807975676
2025-09,6534,11764.0,5621.125285480599,1.800428527701255
2025-10,4788,9374.0,4479.12516372791,1.9578111946533
2025-11,2911,5384.0,2572.6061320152626,1.8495362418412917
2025-12,2087,4133.0,1974.8479092903194,1.9803545759463344
2026-01,2498,5552.0,2652.880617561058,2.22257806244996
2026-02,1901,4695.0,2243.385176413755,2.469752761704366
2026-03,1470,3644.0,1741.1918174338068,2.47891156462585
2026-04,682,1808.0,863.9063682547538,2.6510263929618767
2026-06,593,2691.0,1285.8252416889063,4.537942664418212
