month,modis,viirs,viirs_scaled
2012-02,4662,11314,4451.4479447625545
2012-03,12435,24752,9738.575174895062
2012-04,7206,20380,8018.429301242784
2012-05,7015,20573,8094.36437754994
2012-06,9705,24670,9706.312603614302
2012-07,8444,21215,8346.956703918826
2012-08,19921,44312,17434.378763330238
2012-09,14864,38769,15253.507633949042
2012-10,9975,23549,9265.259647446826
2012-11,7702,19424,7642.294933628059
2012-12,2744,8703,3424.160461664178
2013-01,4219,11217,4413.283683613361
2013-02,4869,11466,4511.25173542933
2013-03,11618,22936,9024.077254823576
2013-04,7164,17546,6903.403362100387
2013-05,4579,15456,6081.101240432212
2013-06,9417,23664,9310.505936438138
2013-07,7063,20541,8081.774105830619
2013-08,13135,34155,13438.147830419395
2013-09,6947,20815,8189.578307427309
2013-10,8042,19768,7777.640354610763
2013-11,4820,13611,5355.19338661509
2013-12,2671,8604,3385.2093085325278
2014-01,3943,10925,4298.397454174554
2014-02,4497,10250,4032.8214100951195
2014-03,12121,23671,9313.260058376738
2014-04,12131,26378,10378.318356633079
2014-05,6206,18838,7411.735582767987
2014-06,3672,13519,5318.996355422041
2014-07,7258,21412,8424.465564190898
2014-08,7671,23465,9232.210184183608
2014-09,7127,21077,8292.661157129252
2014-10,9814,21984,8649.516671173767
2014-11,5944,13976,5498.801173413599
2014-12,3519,8769,3450.127897085278
2015-01,4688,12574,4947.189893710833
2015-02,6131,13322,5241.487495149969
2015-03,10948,22517,8859.223384498713
2015-04,8551,19836,7804.394682014321
2015-05,3831,13186,5187.978840342853
2015-06,17323,38832,15278.294731396456
2015-07,14997,38049,14970.226520264312
2015-08,24449,58589,23051.607180103703
2015-09,7397,22533,8865.518520358373
2015-10,10578,22216,8740.796141138846
2015-11,4919,16318,6420.25168487143
2015-12,3388,10193,4010.3949885950783
2016-01,2798,9177,3610.6538615066256
2016-02,8803,22458,8836.010071016213
2016-03,12799,27462,10804.81381112509
2016-04,13544,28478,11204.554938213543
2016-05,4731,14761,5807.656276528201
2016-06,5920,17732,6976.584316468942
2016-07,8686,22734,8944.60116459536
2016-08,9857,25137,9890.051881518148
2016-09,8855,22659,8915.0927152532
2016-10,8939,22168,8721.910733559864
2016-11,7305,19613,7716.6562259703005
2016-12,2782,7694,3027.173456514327
2017-01,5105,11855,4664.302226017331
2017-02,9763,20646,8123.085934909643
2017-03,13193,26924,10593.139867844
2017-04,10669,23915,9409.260880236565
2017-05,5108,16634,6544.580618099729
2017-06,5817,18262,7185.110691820202
2017-07,12434,28489,11208.882844117059
2017-08,15128,38919,15312.524532633362
2017-09,20085,47977,18876.35832118376
2017-10,12930,28213,11100.291750537914
2017-11,7716,18633,7331.079154566084
2017-12,5162,13640,5366.603320360725
2018-01,5266,13928,5479.915765834617
2018-02,3974,10054,3955.7059958142763
2018-03,14477,28673,11281.276906503157
2018-04,12437,27578,10850.45354610763
2018-05,6156,20473,8055.019778427061
2018-06,7034,21291,8376.858599252213
2018-07,12927,32664,12851.519857497267
2018-08,19822,46212,18181.926146664944
2018-09,9402,25850,10170.578873264278
2018-10,6682,18201,7161.1104863552455
2018-11,4227,13977,5499.194619404828
2018-12,1689,9432,3710.9825892699673
2019-01,2666,9323,3668.0969762260293
2019-02,2293,6739,2651.43253489083
2019-03,11024,24330,9572.540966596513
2019-04,9879,23782,9356.932563403136
2019-05,4577,16505,6493.826085231214
2019-06,7236,22643,8908.79757939354
2019-07,19595,49587,19509.806367062116
2019-08,6551,25597,10071.037037483393
2019-09,7768,25057,9858.576202219845
2019-10,7577,21426,8429.9738080681
2019-11,6041,16155,6356.119988301137
2019-12,3566,12066,4747.319330166606
2020-01,3631,11194,4404.2344258151
2020-02,4960,14055,5529.8834067206735
2020-03,9302,19397,7631.671891864881
2020-04,9075,22341,8789.976890042446
2020-05,4906,14342,5642.802406203337
2020-06,6244,19137,7529.375934145395
2020-07,4895,16849,6629.171506213919
2020-08,15331,38248,15048.522272518841
2020-09,33879,71489,28127.06046695512
2020-10,14173,33052,13004.176902094037
2020-11,9362,22835,8984.33920970947
2020-12,4709,13982,5501.161849360972
2021-01,4173,11812,4647.384048394493
2021-02,4404,10957,4310.987725893876
2021-03,15428,31191,12271.973912417256
2021-04,14245,28270,11122.718172037954
2021-05,4383,14422,5674.27808550164
2021-06,6196,18868,7423.53896250485
2021-07,18205,39415,15507.673744282842
2021-08,25387,53942,21223.263658863507
2021-09,14529,39271,15451.017521545897
2021-10,7717,20803,8184.856955532563
2021-11,8088,19417,7639.540811689457
2021-12,3456,11562,4549.022550587295
2022-01,5082,14214,5592.441319326052
2022-02,8652,19450,7652.524529400007
2022-03,13415,29433,11580.295859837039
2022-04,7237,24164,9507.228932052534
2022-05,8109,22057,8678.238228533468
2022-06,15070,37098,14596.05938260573
2022-07,10822,26639,10481.007760343795
2022-08,6040,13840,5445.292518606483
2022-09,14151,36179,14234.48251666647
2022-10,8321,25828,10161.923061457244
2022-11,5973,17359,6829.828961740603
2022-12,3370,10890,4284.626844481547
2023-01,3896,11788,4637.941344605002
2023-02,5366,14449,5684.901127264818
2023-03,9257,23335,9181.062205323864
2023-04,9539,23768,9351.424319525931
2023-05,5246,17486,6879.7966026266595
2023-06,3898,16645,6548.9085240032455
2023-07,5514,17618,6931.73147346886
2023-08,10430,29274,11517.73794723166
2023-09,6811,21788,8572.401256892923
2023-10,9861,23733,9337.653709832925
2023-11,7311,19564,7697.377372400089
2023-12,4195,13683,5383.521497983563
2024-01,2433,9056,3563.0468965679415
2024-02,9805,25032,9848.740052439125
2024-03,11859,25630,10084.020755193942
2024-04,9852,23141,9104.733683025479
2024-05,3620,13552,5331.980073132591
2024-06,6453,19282,7586.42560287357
2024-07,14484,17566,6911.272281924963
2024-08,12011,33070,13011.258929936157
2024-09,11135,29037,11424.491247310438
2024-10,13030,34930,13743.06847362171
2024-11,4488,15669,6164.9052365639445
2024-12,3790,13350,5252.503982904375
